"0",""
"0","#anualized portfolio volatilites of single companies"
"0","all_volatility_daily <- apply(df_all_daily_returns[,-c(0:1)],2,sd)"
"0","all_volatility_daily"
"1","                MSFT "
"1","                 IBM "
"1","                 MCD "
"1","                COST "
"1","                AMZN "
"1","PORTF_Weighted_equal "
"1","
"
"1","           0.3287994 "
"1","           1.4096378 "
"1","           0.5808612 "
"1","           0.7689068 "
"1","           3.8393975 "
"1","           1.0558380 "
"1","
"
"0","#function to calculate annualized volatility given daily volatility"
"0","sqrt_time <- function(x) {x*sqrt(252)}"
"0",""
"0","#Annualize daily company returns"
"0","company_volatility_annualized <- sapply(all_volatility_daily,sqrt_time)"
"0","company_volatility_annualized"
"1","                MSFT "
"1","                 IBM "
"1","                 MCD "
"1","                COST "
"1","                AMZN "
"1","PORTF_Weighted_equal "
"1","
"
"1","            5.219528 "
"1","           22.377307 "
"1","            9.220886 "
"1","           12.206017 "
"1","           60.948545 "
"1","           16.760909 "
"1","
"
"0","#create data frame showing all volatilities"
"0","df_volatility <- data.frame(volatility=(company_volatility_annualized))"
"0","df_volatility"
