"0",""
"0",""
"0",""
"0","#Plot of all cumulated company returns and the equally weighted portfolio returns."
"0","plot_all_ew_portf <- ggplot(data = data_cumulated_returns_ew_portf, aes(x = Date)) + "
"0","          geom_line(aes(y = MSFT_CUM, color = ""MSFT"")) +"
"0","          geom_line(aes(y = IBM_CUM, color = ""IBM"")) +"
"0","          geom_line(aes(y = MCD_CUM, color = ""MCD"")) +"
"0","          geom_line(aes(y = COST_CUM, color = ""COST"")) +"
"0","          geom_line(aes(y = AMZN_CUM, color = ""AMZN"")) +"
"0","          geom_line(aes(y = PORTF_WEIGHTED_CUM, color = ""PORTF_WEIGHTED_CUM"")) +"
"0","          scale_y_continuous(""Cumulated Stock Returns + Weighted Portf"")"
"0","        "
"0",""
"0","plot_all_ew_portf"
