"0",""
"0","annual_ret_function <- function(x) {(1+sum(x)) ^ (252/(5*252)) -1}"
"0",""
"0",""
"0",""
"0",""
"0",""
"0","#Test of annual_ret_function"
"0","#annual_ret_function(11.47530)"
"0","#test <- (1 + 0.6565716)^5 -1"
"0","#test"
"0",""
"0","#Sum of daily returns"
"0","#all_returns_daily <- apply(df_all_daily_returns[,-c(0:1)],2,sum)"
"0","#all_returns_daily"
"0",""
"0","all_returns_anualized <- apply(df_all_daily_returns[,-c(0:1)],2,annual_ret_function)"
"0","all_returns_anualized"
"1","                MSFT "
"1","                 IBM "
"1","                 MCD "
"1","                COST "
"1","                AMZN "
"1","PORTF_Weighted_equal "
"1","
"
"1","           0.6565716 "
"1","           1.6544364 "
"1","           0.7840755 "
"1","           1.2417596 "
"1","           1.4868810 "
"1","           1.2888195 "
"1","
"
"0","#Fata Frame of annualized returs"
"0","#AAPL is NAN since value is negative"
"0","df_returns <- data.frame(returns=(all_returns_anualized))"
"0","df_returns"
