"0",""
"0","#Plot of all cumulated company returns and the equally weighted portfolio returns."
"0",""
"0","#Daily Returns: MSFT vs Equaly weighted Portfolio "
"0","plot_volatility_mvp <- ggplot(data = df_all_daily_returns, aes(x = Date)) + "
"0","          geom_line(aes(y = MSFT, color = ""MSFT"")) +"
"0","          geom_line(aes(y = PORTF_Weighted_equal, color = ""PORTF_Weighted_equal"")) +"
"0","          scale_y_continuous(""Daily Returns: MSFT vs Portfolio"") "
"0","        "
"0","plot_volatility_mvp"
