"0",""
"0","#Equally weighted portfolo returns are less volatile than ibm returns"
"0",""
"0",""
"0","#Daily Returns: Amazonvs Equaly weighted Portfolio "
"0","plot_volatility_avp <- ggplot(data = df_all_daily_returns, aes(x = Date)) + "
"0","          geom_line(aes(y = IBM, color = ""AMZN"")) +"
"0","          geom_line(aes(y = PORTF_Weighted_equal, color = ""PORTF_Weighted_equal"")) +"
"0","          scale_y_continuous(""Daily Returns: Amazon vs Portfolio"") "
"0","        "
"0","plot_volatility_avp"
