"0",""
"0","#Equally weighted portfolo returns are much more volatile than msft returns"
"0",""
"0","#Daily Returns: IBM vs Equaly weighted Portfolio "
"0","plot_volatility_ivp <- ggplot(data = df_all_daily_returns, aes(x = Date)) + "
"0","          geom_line(aes(y = IBM, color = ""IBM"")) +"
"0","          geom_line(aes(y = PORTF_Weighted_equal, color = ""PORTF_Weighted_equal"")) +"
"0","          scale_y_continuous(""Daily Returns: IBM vs Portfolio"") "
"0","        "
"0","plot_volatility_ivp"
