"0",""
"0","#5 Companies: Equal investment of 20% in each company."
"0",""
"0","weight_equal <- c(0.2, 0.2, 0.2, 0.2, 0.2)"
"0",""
"0","#Data Frame of equaly weighted daily returns"
"0","data_daily_we_adj <- data.frame(Date = sample$Date, "
"0","                            MSFT_Weighted = sample$MSFT * weight_equal[1],"
"0","                            IBM_Weighted = sample$IBM * weight_equal[2],"
"0","                            MCD_Weighted = sample$MCD * weight_equal[3],"
"0","                            COST_Weighted = sample$COST * weight_equal[4],"
"0","                            AMZN_Weighted = sample$AMZN* weight_equal[5])"
"0",""
"0","data_daily_weighted_equal <- data.frame(data_daily_we_adj, PORTF_Weighted_equal = ("
"0","                                                  data_daily_we_adj$MSFT_Weighted + "
"0","                                                  data_daily_we_adj$IBM_Weighted +"
"0","                                                  data_daily_we_adj$MCD_Weighted +"
"0","                                                  data_daily_we_adj$COST_Weighted +"
"0","                                                  data_daily_we_adj$AMZN_Weighted"
"0","                                                  ))"
"0","                            "
"0","head(data_daily_weighted_equal)"
