"0","knitr::opts_chunk$set(echo = TRUE)"
"0","pacman::p_load(tidyverse, ggfortify, matrixStats,ggplot2, corrplot, datasets, lubridate)"
"0",""
"0",""
"0","#Load of Data"
"0","load('sp500_px.RData')"
"0","load('sp500_sym.RData')"
"0",""
"0","#First Data Overview"
"0","sp500_company_returns <- sp500_px"
"0","#head(sp500_company_returns)"
"0",""
"0","data_symbols <- sp500_sym"
"0","#head(data_symbols)"
"0",""
"0","data <- read.csv(""data/sp500_px.csv"")"
"0",""
"0",""
"0","#Create Data Frame and remove NAs if existing"
"0","spdata <- as.data.frame(data)"
"0","spdata <- na.omit(spdata)"
"0","#head(spdata)"
"0",""
"0","#Convert column X in Date format"
"0","spdata$X <- as.Date(spdata$X)"
"0",""
"0","#Rename column X into ""Date"""
"0","colnames(spdata)[1] <- ""Date"""
"0",""
"0",""
"0","#Check for Min und Max Date"
"0",""
"0","min_date <- min(spdata$Date)"
"0","min_date"
"1","[1]"
"1"," ""1993-01-29"""
"1","
"
"0","max_date <- max(spdata$Date)"
"0","max_date"
"1","[1]"
"1"," ""2015-07-01"""
"1","
"
"0","#New Overview od data frame"
"0","#head(spdata)"
"0",""
