"0",""
"0",""
"0","#plot cumulated returns of all companies"
"0",""
"0","plot_all <- ggplot(data = data_cumulated_returns, aes(x = Date)) + "
"0","          geom_line(aes(y = MSFT_CUM, color = ""MSFT"")) +"
"0","          geom_line(aes(y = IBM_CUM, color = ""IBM"")) +"
"0","          geom_line(aes(y = MCD_CUM, color = ""MCD"")) +"
"0","          geom_line(aes(y = COST_CUM, color = ""COST"")) +"
"0","          geom_line(aes(y = AMZN_CUM, color = ""AMZN"")) +"
"0","          scale_y_continuous(""Cumulated Stock Returns"")"
"0","        "
"0",""
"0","plot_all"
"0",""
