"0",""
"0","#Observation Period is 2009-12-31 to 2015-07-01"
"0",""
"0","sample <- select(spdata, Date, MSFT, IBM, MCD, COST, AMZN) %>% "
"0","  filter(Date >= as.Date(""2009-12-31"") & Date <= as.Date(""2014-12-31""))"
"0",""
"0",""
"0",""
"0","#Data Frame with Daily Returns"
"0",""
"0","data_daily_returns <- sample"
"0",""
"0",""
"0","# Data Frame for cumulative returns"
"0","data_cumulated_returns <- data.frame(Date = sample$Date, MSFT_CUM = cumsum(sample$MSFT), "
"0","                                                    IBM_CUM = cumsum(sample$IBM),"
"0","                                                    MCD_CUM = cumsum(sample$MCD),"
"0","                                                    COST_CUM = cumsum(sample$COST),"
"0","                                                    AMZN_CUM = cumsum(sample$AMZN))"
"0","head(data_cumulated_returns)"
