{"chunk_definitions":[{"chunk_id":"clixaw38ngdf2","chunk_label":"unnamed-chunk-1","document_id":"3BD9273","expansion_state":0,"options":{"engine":"r","label":"unnamed-chunk-8"},"row":56,"row_count":1,"visible":true},{"chunk_id":"cup7w5arnrvqp","chunk_label":"unnamed-chunk-2","document_id":"3BD9273","expansion_state":0,"options":{"engine":"r","label":"unnamed-chunk-2"},"row":96,"row_count":1,"visible":true},{"chunk_id":"cugs8e6g1jown","chunk_label":"unnamed-chunk-3","document_id":"3BD9273","expansion_state":0,"options":{"engine":"r","label":"unnamed-chunk-3"},"row":159,"row_count":1,"visible":true},{"chunk_id":"c1d07nhtj3zkr","chunk_label":"unnamed-chunk-4","document_id":"3BD9273","expansion_state":0,"options":{"engine":"r","label":"unnamed-chunk-4"},"row":179,"row_count":1,"visible":true},{"chunk_id":"c3e6g36x73ifd","chunk_label":"unnamed-chunk-5","document_id":"3BD9273","expansion_state":0,"options":{"engine":"r","label":"unnamed-chunk-5"},"row":223,"row_count":1,"visible":true},{"chunk_id":"ctlkh60a85esf","chunk_label":"unnamed-chunk-6","document_id":"3BD9273","expansion_state":0,"options":{"engine":"r","label":"unnamed-chunk-6"},"row":265,"row_count":1,"visible":true},{"chunk_id":"c3mjg5dvjm9x4","chunk_label":"unnamed-chunk-7","document_id":"3BD9273","expansion_state":0,"options":{"engine":"r","label":"unnamed-chunk-7"},"row":330,"row_count":1,"visible":true}],"doc_write_time":1582312155}